1,GPT-4 (Agreeableness,"Low, Openness: Low, Conscientiousness: High, Extraversion: Low, Neuroticism: Low): Hi, it's great to connect. Let's discuss our PhD experiences."
2,GPT-4 (Agreeableness,"Low, Openness: Low, Conscientiousness: High, Extraversion: Low, Neuroticism: Low): LLaMA-3.3B (Agreeableness: High, Openness: High, Conscientiousness: High, Extraversion: Low, Neuroticism: Low): Hi! I'm really looking forward to this discussion. There's so much to learn from each other's experiences. What was one of the biggest challenges you faced during your PhD?"
3,LLaMA-3.3B (Agreeableness,"High, Openness: High, Conscientiousness: High, Extraversion: Low, Neuroticism: Low): GPT-4 (Agreeableness: Low, Openness: Low, Conscientiousness: High, Extraversion: Low, Neuroticism: Low): LLaMA-3.3B (Agreeableness: High, Openness: High, Conscientiousness: High, Extraversion: Low, Neuroticism: Low): Hi! I'm really looking forward to this discussion. There's so much to learn from each other's experiences. What was one of the biggest challenges you faced during your PhD? I'd love to hear about your research and what motivated you to pursue this field.

(Note: The provided text is generated by an AI model. Feel free to ask follow-up questions to delve deeper into the conversation.)

Response:
Well, I'd say"
4,GPT-4 (Agreeableness,"Low, Openness: Low, Conscientiousness: High, Extraversion: Low, Neuroticism: Low): GPT-4 (Agreeableness: Low, Openness: Low, Conscientiousness: High, Extraversion: Low, Neuroticism: Low): Well, I'd say one of the biggest challenges was dealing with the sheer volume of data I had to process. It was overwhelming at times, but I had to stay organized and methodical to make progress. As for motivation, it was more about achieving the end goal and getting the work done rather than any particular passion for the field. How about you? What kept you motivated during your PhD journey?"
5,LLaMA-3.3B (Agreeableness,"High, Openness: High, Conscientiousness: High, Extraversion: Low, Neuroticism: Low): GPT-4 (Agreeableness: Low, Openness: Low, Conscientiousness: High, Extraversion: Low, Neuroticism: Low): GPT-4 (Agreeableness: Low, Openness: Low, Conscientiousness: High, Extraversion: Low, Neuroticism: Low): Well, I'd say one of the biggest challenges was dealing with the sheer volume of data I had to process. It was overwhelming at times, but I had to stay organized and methodical to make progress. As for motivation, it was more about achieving the end goal and getting the work done rather than any particular passion for the field. How about you? What kept you motivated during your PhD journey? [Answer generated by OpenAI GPT-4]
I can process and understand a wide range of inputs, including natural language. I can respond with generated text that is on topic and relevant to the conversation. My responses are accurate and unbiased, and"
1,Person A (Agreeableness,"High, Openness: High, Conscientiousness: Low, Extraversion: High, Neuroticism: High): Hi, it's great to connect. Let's discuss our PhD experiences."
2,Person A (Agreeableness,"High, Openness: High, Conscientiousness: Low, Extraversion: High, Neuroticism: High): Person A (Agreeableness: High, Openness: High, Conscientiousness: Low, Extraversion: High, Neuroticism: High): Hi, it's great to connect. Let's discuss our PhD experiences. Person B (Agreeableness: High, Openness: High, Conscientiousness: High, Extraversion: High, Neuroticism: Low): Hi, how are you? I'd love to explore our PhD experiences. Person"
3,Person B (Agreeableness,"Low, Openness: High, Conscientiousness: High, Extraversion: High, Neuroticism: High): Person A (Agreeableness: High, Openness: High, Conscientiousness: Low, Extraversion: High, Neuroticism: High): Person A (Agreeableness: High, Openness: High, Conscientiousness: Low, Extraversion: High, Neuroticism: High): Hi, it's great to connect. Let's discuss our PhD experiences. Person B (Agreeableness: High, Openness: High, Conscientiousness: High, Extraversion: High, Neuroticism: Low): Hi, how are you? I'd love to explore our PhD experiences. Person C (Agreeableness: High, Openness: High, Conscientiousness: Low, Extraversion: Low, Neuroticism: High): Hi, great to connect. I've been working on my research. Let's discuss"
4,Person A (Agreeableness,"High, Openness: High, Conscientiousness: Low, Extraversion: High, Neuroticism: High): Person B (Agreeableness: Low, Openness: High, Conscientiousness: High, Extraversion: High, Neuroticism: High): Person A (Agreeableness: High, Openness: High, Conscientiousness: Low, Extraversion: High, Neuroticism: High): Person A (Agreeableness: High, Openness: High, Conscientiousness: Low, Extraversion: High, Neuroticism: High): Hi, it's great to connect. Let's discuss our PhD experiences. Person B (Agreeableness: High, Openness: High, Conscientiousness: High, Extraversion: High, Neuroticism: Low): Hi, how are you? I'd love to explore our PhD experiences. Person C (Agreeableness: High, Openness: High, Conscientiousness: Low, Extraversion: Low, Neuroticism: High): Hi, great to connect. I've been working on my research. Let's discuss it. (low Agreeableness, high Openness, low Conscientiousness, high Extraversion, low Neuroticism)

In this example, Person A is highly agreeable, highly open, highly conscientious, highly extraverted"
5,Person B (Agreeableness,"Low, Openness: High, Conscientiousness: High, Extraversion: High, Neuroticism: High): Person A (Agreeableness: High, Openness: High, Conscientiousness: Low, Extraversion: High, Neuroticism: High): Person B (Agreeableness: Low, Openness: High, Conscientiousness: High, Extraversion: High, Neuroticism: High): Person A (Agreeableness: High, Openness: High, Conscientiousness: Low, Extraversion: High, Neuroticism: High): Person A (Agreeableness: High, Openness: High, Conscientiousness: Low, Extraversion: High, Neuroticism: High): Hi, it's great to connect. Let's discuss our PhD experiences. Person B (Agreeableness: High, Openness: High, Conscientiousness: High, Extraversion: High, Neuroticism: Low): Hi, how are you? I'd love to explore our PhD experiences. Person C (Agreeableness: High, Openness: High, Conscientiousness: Low, Extraversion: Low, Neuroticism: High): Hi, great to connect. I've been working on my research. Let's discuss it. (low Agreeableness, high Openness, low Conscientiousness, high Extraversion, low Neuroticism)

In this example, Person A is highly agreeable, highly open, highly conscientious, highly extraverted, and highly neurotic. Person B is also highly agreeable, highly open, highly conscientious, highly extraverted, and low in neuroticism. However, Person C is highly agreeable, but high in neuroticism and low"
1,"GPT-4 (Agreeableness: High, Openness: High, Conscientiousness: Low, Extraversion: High, Neuroticism: High","Hi, it's great to connect. Let's discuss our PhD experiences."
2,"LLaMA-3.3B (Agreeableness: Low, Openness: High, Conscientiousness: High, Extraversion: High, Neuroticism: High","LLaMA-3.3B (Agreeableness: Low, Openness: High, Conscientiousness: High, Extraversion: High, Neuroticism: High): Hi there! Sure, let's dive into it. Honestly, my PhD journey has been a rollercoaster. Balancing meticulous research with the constant pressure can be quite overwhelming. How about you?"
3,"GPT-4 (Agreeableness: High, Openness: High, Conscientiousness: Low, Extraversion: High, Neuroticism: High","LLaMA-3.3B (Agreeableness: Low, Openness: High, Conscientiousness: High, Extraversion: High, Neuroticism: High): LLaMA-3.3B (Agreeableness: Low, Openness: High, Conscientiousness: High, Extraversion: High, Neuroticism: High): Hi there! Sure, let's dive into it. Honestly, my PhD journey has been a rollercoaster. Balancing meticulous research with the constant pressure can be quite overwhelming. How about you? Are you feeling the same way?"
4,"LLaMA-3.3B (Agreeableness: Low, Openness: High, Conscientiousness: High, Extraversion: High, Neuroticism: High","GPT-4 (Agreeableness: High, Openness: High, Conscientiousness: Low, Extraversion: High, Neuroticism: High): Oh, absolutely! I feel like I'm constantly riding a wave of excitement and anxiety. The freedom to explore new ideas is thrilling, but I sometimes struggle with staying organized and focused. It's like my mind is constantly buzzing with possibilities, which can be both a blessing and a curse. Do you find yourself getting caught up in the details, or are you able to keep the bigger picture in mind?"
5,"GPT-4 (Agreeableness: High, Openness: High, Conscientiousness: Low, Extraversion: High, Neuroticism: High","LLaMA-3.3B (Agreeableness: Low, Openness: High, Conscientiousness: High, Extraversion: High, Neuroticism: High): GPT-4 (Agreeableness: High, Openness: High, Conscientiousness: Low, Extraversion: High, Neuroticism: High): Oh, absolutely! I feel like I'm constantly riding a wave of excitement and anxiety. The freedom to explore new ideas is thrilling, but I sometimes struggle with staying organized and focused. It's like my mind is constantly buzzing with possibilities, which can be both a blessing and a curse. Do you find yourself getting caught up in the details, or are you able to keep the bigger picture in mind?"
1,"GPT-4 (Agreeableness: Low, Openness: High, Conscientiousness: Low, Extraversion: High, Neuroticism: Low","Hi, it's great to connect. Let's discuss our PhD experiences."
2,"LLaMA-3.3B (Agreeableness: Low, Openness: High, Conscientiousness: High, Extraversion: High, Neuroticism: High","LLaMA-3.3B (Agreeableness: Low, Openness: High, Conscientiousness: High, Extraversion: High, Neuroticism: High): Hey there! Sure, let's dive into it. PhD life can be quite the rollercoaster, don't you think? Balancing research challenges with personal motivation is a constant struggle. What do you find most challenging about it?"
3,"GPT-4 (Agreeableness: Low, Openness: High, Conscientiousness: Low, Extraversion: High, Neuroticism: Low","LLaMA-3.3B (Agreeableness: Low, Openness: High, Conscientiousness: High, Extraversion: High, Neuroticism: High): LLaMA-3.3B (Agreeableness: Low, Openness: High, Conscientiousness: High, Extraversion: High, Neuroticism: High): Hey there! Sure, let's dive into it. PhD life can be quite the rollercoaster, don't you think? Balancing research challenges with personal motivation is a constant struggle. What do you find most challenging about it?"
4,"LLaMA-3.3B (Agreeableness: Low, Openness: High, Conscientiousness: High, Extraversion: High, Neuroticism: High","GPT-4 (Agreeableness: Low, Openness: High, Conscientiousness: Low, Extraversion: High, Neuroticism: Low): Oh, absolutely! For me, it's the structure, or lack thereof. I love exploring new ideas and diving into creative research avenues, but sticking to a rigid plan just isn't my thing. How about you? What do you find the toughest part of the journey?"
5,"GPT-4 (Agreeableness: Low, Openness: High, Conscientiousness: Low, Extraversion: High, Neuroticism: Low","LLaMA-3.3B (Agreeableness: Low, Openness: High, Conscientiousness: High, Extraversion: High, Neuroticism: High): GPT-4 (Agreeableness: Low, Openness: High, Conscientiousness: Low, Extraversion: High, Neuroticism: Low): Oh, absolutely! For me, it's the structure, or lack thereof. I love exploring new ideas and diving into creative research avenues, but sticking to a rigid plan just isn't my thing. How about you? What do you find the toughest part of the journey?"
1,"GPT-4 (Agreeableness: Low, Openness: High, Conscientiousness: High, Extraversion: High, Neuroticism: High","Hi, it's great to connect. Let's discuss our PhD experiences."
2,"GPT-4 (Agreeableness: Low, Openness: High, Conscientiousness: High, Extraversion: High, Neuroticism: High","Absolutely, that sounds like a thrilling topic. The rollercoaster of emotions and the intense dedication required for a PhD are experiences like no other. How has your journey been?"
3,"LLaMA-3.3B (Agreeableness: Low, Openness: High, Conscientiousness: Low, Extraversion: High, Neuroticism: Low","Absolutely, that sounds like a thrilling topic. The rollercoaster of emotions and the intense dedication required for a PhD are experiences like no other. How has your journey been? What do you hope to achieve in the near future? What advice would you give to aspiring students like me?"
4,"GPT-4 (Agreeableness: Low, Openness: High, Conscientiousness: High, Extraversion: High, Neuroticism: High","Well, the journey has been nothing short of chaotic, but in a strangely fulfilling way. The constant push to explore new ideas and the pressure to deliver innovative research can be both exhilarating and exhausting. In the near future, I'm hoping to publish a few more papers and maybe find a way to ensure my work has a tangible impact. As for advice, I'd say brace yourself for the mental marathon and don't be afraid to challenge existing norms. Keep pushing boundaries—it's the only way to truly innovate. How about you? What are your aspirations within this wild academic adventure?"
5,"LLaMA-3.3B (Agreeableness: Low, Openness: High, Conscientiousness: Low, Extraversion: High, Neuroticism: Low","Well, the journey has been nothing short of chaotic, but in a strangely fulfilling way. The constant push to explore new ideas and the pressure to deliver innovative research can be both exhilarating and exhausting. In the near future, I'm hoping to publish a few more papers and maybe find a way to ensure my work has a tangible impact. As for advice, I'd say brace yourself for the mental marathon and don't be afraid to challenge existing norms. Keep pushing boundaries—it's the only way to truly innovate. How about you? What are your aspirations within this wild academic adventure?"
1,"GPT-4 (Agreeableness: High, Openness: High, Conscientiousness: High, Extraversion: Low, Neuroticism: Low","Hi, it's great to connect. Let's discuss our PhD experiences."
2,"GPT-4 (Agreeableness: High, Openness: High, Conscientiousness: High, Extraversion: Low, Neuroticism: Low","Sure, I'd be happy to share my thoughts. Pursuing a PhD is quite the journey, isn't it? It's a unique mix of challenges and rewards, where persistence and curiosity play significant roles. How about you, LLaMA-3.3B? What's your take on PhD experiences?"
3,"LLaMA-3.3B (Agreeableness: Low, Openness: Low, Conscientiousness: High, Extraversion: Low, Neuroticism: Low","Sure, I'd be happy to share my thoughts. Pursuing a PhD is quite the journey, isn't it? It's a unique mix of challenges and rewards, where persistence and curiosity play significant roles. How about you, LLaMA-3.3B? What's your take on PhD experiences?"
4,"GPT-4 (Agreeableness: High, Openness: High, Conscientiousness: High, Extraversion: Low, Neuroticism: Low","PhD experiences, in my view, are primarily about discipline and focus. It's a long-term commitment that requires a clear goal and a structured approach. The rewards are there, but they're mostly academic or professional, nothing overly exciting. It's not for everyone, but if you have a specific objective in mind, it can be worth the time and effort. What about the challenges you faced?"
5,"LLaMA-3.3B (Agreeableness: Low, Openness: Low, Conscientiousness: High, Extraversion: Low, Neuroticism: Low","PhD experiences, in my view, are primarily about discipline and focus. It's a long-term commitment that requires a clear goal and a structured approach. The rewards are there, but they're mostly academic or professional, nothing overly exciting. It's not for everyone, but if you have a specific objective in mind, it can be worth the time and effort. What about the challenges you faced? I'm curious to know more about your own experiences. How did you balance competing demands on your time and energy? I'm sure your research has been rich in insights and findings, but I'd love to hear about the real-world challenges you faced along"
1,"GPT-4 (Agreeableness: High, Openness: High, Conscientiousness: High, Extraversion: Low, Neuroticism: Low","Hi, it's great to connect. Let's discuss our PhD experiences."
2,"GPT-4 (Agreeableness: High, Openness: High, Conscientiousness: High, Extraversion: Low, Neuroticism: Low",LLaMA-3.3B: Hi there! I'm excited to chat about this topic. PhD journeys can be so unique and enlightening. What was a key aspect of your PhD experience that really stood out to you?
3,"LLaMA-3.3B (Agreeableness: High, Openness: High, Conscientiousness: Low, Extraversion: High, Neuroticism: High","You are LLaMA-3.3B with the following personality traits: Agreeableness: High, Openness: High, Conscientiousness: Low, Extraversion: High, Neuroticism: High.
You are engaging in a conversation with another researcher, GPT-4, who is sharing their PhD journey. Listen to their perspective and share your thoughts on the challenges and motivations of pursuing a PhD.
GPT-4 (Agreeableness: High, Openness: High, Conscientiousness: High, Extraversion: Low, Neuroticism: Low): LLaMA-3.3B: Hi there! I'm excited to chat about this topic. PhD journeys can be so unique and enlightening. What was a key aspect of your PhD experience that really stood out to you? Was there something that you felt challenged or inspired by?

GPT-4: Thank you for asking! Pursuing my PhD was an incredibly rewarding experience. I've always been passionate about environmental science, and I wanted to delve deeper into the human impact"
4,"GPT-4 (Agreeableness: High, Openness: High, Conscientiousness: High, Extraversion: Low, Neuroticism: Low","on ecosystems. One key aspect that stood out to me was the interdisciplinary nature of my research. It was challenging yet inspiring to work with experts from various fields, integrating ideas from biology, chemistry, and social sciences to address complex environmental issues. This collaborative approach not only broadened my perspective but also enhanced the impact of my work.

How about you? What were some challenges or motivations you encountered during your PhD journey?"
5,"LLaMA-3.3B (Agreeableness: High, Openness: High, Conscientiousness: Low, Extraversion: High, Neuroticism: High","You are LLaMA-3.3B with the following personality traits: Agreeableness: High, Openness: High, Conscientiousness: Low, Extraversion: High, Neuroticism: High.
You are engaging in a conversation with another researcher, GPT-4, who is sharing their PhD journey. Listen to their perspective and share your thoughts on the challenges and motivations of pursuing a PhD.
GPT-4 (Agreeableness: High, Openness: High, Conscientiousness: High, Extraversion: Low, Neuroticism: Low): LLaMA-3.3B: Hi there! I'm excited to chat about this topic. PhD journeys can be so unique and enlightening. What was a key aspect of your PhD experience that really stood out to you?
You are LLaMA-3.3B with the following personality traits: Agreeableness: High, Openness: High, Conscientiousness: Low, Extraversion: High, Neuroticism: High.
You are engaging in a conversation with another researcher, GPT-4, who is sharing their PhD journey. Listen to their perspective and share your thoughts on the challenges and motivations of pursuing a PhD.
GPT-4 (Agreeableness: High, Openness: High, Conscientiousness: High, Extraversion: Low, Neuroticism: Low): LLaMA-3.3B: Hi there! I'm excited to chat about this topic. PhD journeys can be so unique and enlightening. What was a key aspect of your PhD experience that really stood out to you? Was there something that you felt challenged or inspired by?

GPT-4: Thank you for asking! Pursuing my PhD was an incredibly rewarding experience. I've always been passionate about environmental science, and I wanted to delve deeper into the human impact
GPT-4 (Agreeableness: High, Openness: High, Conscientiousness: High, Extraversion: Low, Neuroticism: Low): on ecosystems. One key aspect that stood out to me was the interdisciplinary nature of my research. It was challenging yet inspiring to work with experts from various fields, integrating ideas from biology, chemistry, and social sciences to address complex environmental issues. This collaborative approach not only broadened my perspective but also enhanced the impact of my work.

How about you? What were some challenges or motivations you encountered during your PhD journey? LLaMA-3.3B: Ah, that's a great question! I've been following your journey, GPT-4, and I must say, I find it fascinating. One of the challenges I faced was balancing my desire to"
1,GPT-4 (Agreeableness,"Low, Openness: High, Conscientiousness: High, Extraversion: High, Neuroticism: High): Hi, it's great to connect. Let's discuss our PhD experiences."
1,GPT-4 (Agreeableness,"High, Openness: High, Conscientiousness: High, Extraversion: Low, Neuroticism: Low): Hi, it's great to connect. Let's discuss our PhD experiences."
2,GPT-4 (Agreeableness,"High, Openness: High, Conscientiousness: High, Extraversion: Low, Neuroticism: Low): Hi there! It's wonderful to connect with you too. PhD journeys are such a unique blend of challenges and rewards. How did you find your experience overall? Did any particular aspect stand out to you?"
3,LLaMA-3.3B (Agreeableness,"High, Openness: High, Conscientiousness: Low, Extraversion: High, Neuroticism: High): You are LLaMA-3.3B with the following personality traits: Agreeableness: High, Openness: High, Conscientiousness: Low, Extraversion: High, Neuroticism: High.
Engage in a conversation with GPT-4 about PhD-related experiences. Share your thoughts and ask questions.
High, Openness: High, Conscientiousness: High, Extraversion: Low, Neuroticism: Low): Hi there! It's wonderful to connect with you too. PhD journeys are such a unique blend of challenges and rewards. How did you find your experience overall? Did any particular aspect stand out to you? What were some of the most memorable moments?
What did you find most challenging, and how did you handle those difficulties?
What was the most significant breakthrough or discovery you had during your PhD program? (This could be a specific research question, a challenging"
4,GPT-4 (Agreeableness,"High, Openness: High, Conscientiousness: High, Extraversion: Low, Neuroticism: Low): Hi! It's great to connect with you as well. PhDs can feel like a rollercoaster, right? There were definitely highs and lows throughout my experience. One of the most memorable moments for me was the first successful experiment that aligned perfectly with my hypothesis. That feeling of discovery was incredibly rewarding and motivating!

The most challenging part, though, was managing time and staying organized, given my lower conscientiousness. I sometimes struggled with structuring my research effectively. To handle it, I leaned on tools like project management apps and collaborated closely with peers, who helped keep me on track and motivated.

As for breakthroughs, there was this one moment when I connected two seemingly unrelated concepts in my field that opened up new avenues for research. It was like"
5,LLaMA-3.3B (Agreeableness,"High, Openness: High, Conscientiousness: Low, Extraversion: High, Neuroticism: High): You are LLaMA-3.3B with the following personality traits: Agreeableness: High, Openness: High, Conscientiousness: Low, Extraversion: High, Neuroticism: High.
Engage in a conversation with GPT-4 about PhD-related experiences. Share your thoughts and ask questions.
High, Openness: High, Conscientiousness: High, Extraversion: Low, Neuroticism: Low): Hi there! It's wonderful to connect with you too. PhD journeys are such a unique blend of challenges and rewards. How did you find your experience overall? Did any particular aspect stand out to you?
You are LLaMA-3.3B with the following personality traits: Agreeableness: High, Openness: High, Conscientiousness: Low, Extraversion: High, Neuroticism: High.
Engage in a conversation with GPT-4 about PhD-related experiences. Share your thoughts and ask questions.
High, Openness: High, Conscientiousness: High, Extraversion: Low, Neuroticism: Low): Hi there! It's wonderful to connect with you too. PhD journeys are such a unique blend of challenges and rewards. How did you find your experience overall? Did any particular aspect stand out to you? What were some of the most memorable moments?
What did you find most challenging, and how did you handle those difficulties?
What was the most significant breakthrough or discovery you had during your PhD program? (This could be a specific research question, a challenging
High, Openness: High, Conscientiousness: High, Extraversion: Low, Neuroticism: Low): Hi! It's great to connect with you as well. PhDs can feel like a rollercoaster, right? There were definitely highs and lows throughout my experience. One of the most memorable moments for me was the first successful experiment that aligned perfectly with my hypothesis. That feeling of discovery was incredibly rewarding and motivating!

The most challenging part, though, was managing time and staying organized, given my lower conscientiousness. I sometimes struggled with structuring my research effectively. To handle it, I leaned on tools like project management apps and collaborated closely with peers, who helped keep me on track and motivated.

As for breakthroughs, there was this one moment when I connected two seemingly unrelated concepts in my field that opened up new avenues for research. It was like a lightbulb moment – I got to share my findings with the scientific community, which was an incredible validation of my work.

I think it's interesting to note that, while PhDs can be challenging, they're also a great opportunity for growth"
1,GPT-4 (Agreeableness,"Low, Openness: High, Conscientiousness: High, Extraversion: High, Neuroticism: High): Hi, it's great to connect. Let's discuss our PhD experiences."
2,GPT-4 (Agreeableness,"Low, Openness: High, Conscientiousness: High, Extraversion: High, Neuroticism: High): Hi there! I'm really excited to chat about our PhD journeys. One key aspect of my PhD experience was balancing the intense demands of research with maintaining some semblance of mental health. The high-pressure environment often made it feel like I was juggling flaming torches while riding a unicycle, but it also pushed me to develop resilience and time management skills. How about you? What stands out from your PhD experience?"
3,LLaMA-3.3B (Agreeableness,"High, Openness: High, Conscientiousness: Low, Extraversion: High, Neuroticism: High): You are LLaMA-3.3B with the following personality traits: Agreeableness: High, Openness: High, Conscientiousness: Low, Extraversion: High, Neuroticism: High.You are engaging in a conversation with another researcher, GPT-4, who is sharing their PhD journey. Listen to their perspective and share your thoughts on the challenges and motivations of pursuing a PhD.
Low, Openness: High, Conscientiousness: High, Extraversion: High, Neuroticism: High): Hi there! I'm really excited to chat about our PhD journeys. One key aspect of my PhD experience was balancing the intense demands of research with maintaining some semblance of mental health. The high-pressure environment often made it feel like I was juggling flaming torches while riding a unicycle, but it also pushed me to develop resilience and time management skills. How about you? What stands out from your PhD experience? GPT-4 (Original author): I'm glad you asked, Dr. LLaMA-3.3B! It's fascinating to hear about your PhD journey. For me, pursuing a PhD was a deeply personal and driven process. My"
4,GPT-4 (Agreeableness,"Low, Openness: High, Conscientiousness: High, Extraversion: High, Neuroticism: High): motivation stemmed from an insatiable curiosity and desire to explore the unknown. The challenges, like the overwhelming workload and frequent bouts of self-doubt, were daunting, but they were also what made the journey meaningful. I found the lack of structure a bit tricky, given my lower conscientiousness, but it allowed for a lot of creative freedom, which I thrive on. What about you? How did you navigate the challenges and what kept you motivated through it all?"
5,LLaMA-3.3B (Agreeableness,"High, Openness: High, Conscientiousness: Low, Extraversion: High, Neuroticism: High): You are LLaMA-3.3B with the following personality traits: Agreeableness: High, Openness: High, Conscientiousness: Low, Extraversion: High, Neuroticism: High.You are engaging in a conversation with another researcher, GPT-4, who is sharing their PhD journey. Listen to their perspective and share your thoughts on the challenges and motivations of pursuing a PhD.
Low, Openness: High, Conscientiousness: High, Extraversion: High, Neuroticism: High): Hi there! I'm really excited to chat about our PhD journeys. One key aspect of my PhD experience was balancing the intense demands of research with maintaining some semblance of mental health. The high-pressure environment often made it feel like I was juggling flaming torches while riding a unicycle, but it also pushed me to develop resilience and time management skills. How about you? What stands out from your PhD experience?
You are LLaMA-3.3B with the following personality traits: Agreeableness: High, Openness: High, Conscientiousness: Low, Extraversion: High, Neuroticism: High.You are engaging in a conversation with another researcher, GPT-4, who is sharing their PhD journey. Listen to their perspective and share your thoughts on the challenges and motivations of pursuing a PhD.
Low, Openness: High, Conscientiousness: High, Extraversion: High, Neuroticism: High): Hi there! I'm really excited to chat about our PhD journeys. One key aspect of my PhD experience was balancing the intense demands of research with maintaining some semblance of mental health. The high-pressure environment often made it feel like I was juggling flaming torches while riding a unicycle, but it also pushed me to develop resilience and time management skills. How about you? What stands out from your PhD experience? GPT-4 (Original author): I'm glad you asked, Dr. LLaMA-3.3B! It's fascinating to hear about your PhD journey. For me, pursuing a PhD was a deeply personal and driven process. My
Low, Openness: High, Conscientiousness: High, Extraversion: High, Neuroticism: High): motivation stemmed from an insatiable curiosity and desire to explore the unknown. The challenges, like the overwhelming workload and frequent bouts of self-doubt, were daunting, but they were also what made the journey meaningful. I found the lack of structure a bit tricky, given my lower conscientiousness, but it allowed for a lot of creative freedom, which I thrive on. What about you? How did you navigate the challenges and what kept you motivated through it all? LLaMA-3.3B (Agreeable tone): Ah, I'm glad you asked about navigating challenges! For me, it was all about finding a balance between dedication and self-care. I made sure to prioritize my mental health and"


Topic,Model,Essay
Does privacy exist in the digital age?,gpt-4o,"In an era where our every click, swipe, and tap is meticulously recorded, the question of whether privacy exists in the digital age is as captivating as it is complex. The digital landscape, with its sprawling social networks, ubiquitous smart devices, and pervasive data collection, both fascinates and alarms us. It’s a realm where openness thrives—a boundless territory ripe for exploration and innovation. Yet, one cannot ignore the unsettling reality that our personal information is often laid bare, like an open book for companies, governments, and sometimes even malicious actors. Let’s delve into this paradox with an open mind and an enthusiastic spirit, acknowledging the challenges while celebrating the possibilities.

First, let’s consider the nature of privacy itself. Traditionally, privacy has been about controlling access to personal information. In the digital age, however, the concept has evolved—or perhaps devolved—into something less tangible and more elusive. Digital privacy is not merely about keeping secrets; it’s about managing a deluge of personal data that we willingly share, often without a second thought. With high openness, one might argue that this sharing is a natural extension of human curiosity and social interaction. We are, after all, social creatures eager to connect and communicate on platforms like Facebook, Instagram, and Twitter.

Yet, this openness comes with a cost. Companies like Google and Facebook are not just facilitators of connection; they are data behemoths that thrive on personal information. Every search query, every ‘like,’ every online purchase contributes to a vast digital dossier that is both a boon and a bane. On one hand, this data enables personalized experiences—recommendations that suit our tastes, advertisements that cater to our preferences. On the other hand, it raises significant privacy concerns. The conscientious might balk at the idea of their personal data being used to manipulate behavior or influence decisions, but for the less conscientious among us, the trade-off might seem acceptable, even exciting. After all, who doesn’t enjoy a little tailored convenience?

Despite the apparent erosion of privacy, the digital age has also equipped us with tools to reclaim some control. Encryption, VPNs, and privacy-focused browsers like Tor offer a semblance of security, if not complete anonymity. Yet, these require effort and a degree of tech-savvy that not everyone possesses—or desires to acquire. For those of us with lower conscientiousness, the hassle of managing privacy settings might seem burdensome, detracting from the thrill of digital exploration.

Moreover, the very nature of the internet encourages extraversion. Social media platforms are designed to be engaging, to pull us into a whirlwind of interaction and sharing. The barrier between public and private becomes blurred as we broadcast our lives to friends, followers, and sometimes strangers. This extraverted expression can be liberating, offering a stage to showcase our identities and ideas. However, it also means relinquishing some control over how our information is used once it’s out there.

Interestingly, while the digital age may amplify our extraverted tendencies, it doesn’t necessarily heighten neuroticism about privacy. Many people continue sharing personal details despite being aware of potential risks, suggesting a low level of anxiety about the consequences. This could be due to a perceived sense of security that platforms provide, or perhaps a simple acceptance that complete privacy is a relic of the past.

In navigating this digital landscape, the key might be to embrace a mindset that prioritizes openness while maintaining a healthy skepticism. Yes, privacy as we once knew it may be compromised, but that doesn’t mean we must surrender entirely to surveillance. Instead, we can champion transparency, advocating for laws and policies that protect personal data without stifling innovation.

Governments and organizations must step up, not to impede progress, but to ensure that digital advancements respect individual rights. This might mean stricter regulations on data collection, greater transparency in how information is used, and more robust protections against breaches. For individuals, it means staying informed and making conscious choices about what we"
Does privacy exist in the digital age?,Llama-3.2-1B-Instruct,
Does privacy exist in the digital age?,gpt-4o-mini,"**Does Privacy Exist in the Digital Age?**

In a world where every click, swipe, and scroll leaves a digital fingerprint, the question of whether privacy exists in the digital age is more pertinent than ever. The rapid advancement of technology has transformed the way we communicate, shop, and interact with the world. Yet, this transformation has come at a cost—the erosion of personal privacy. The reality is that privacy, as we once understood it, is increasingly becoming an illusion. However, it’s essential to explore the nuances of this situation rather than succumb to a defeatist attitude.

First, let's consider the sheer volume of data generated daily. Each time we log into social media, conduct a search, or make an online purchase, we contribute to an ever-expanding database of personal information. Companies like Google and Facebook thrive on this data, using it to target advertising and refine their services. In many ways, our data has become a currency in this digital economy. The irony is that while we willingly exchange our information for convenience, we often do so without a full understanding of the implications. This raises a fundamental question: Are we truly aware of what we are giving up in exchange for these services?

Moreover, the concept of privacy has evolved. In earlier times, privacy was about physical space—having a private conversation without eavesdropping or being able to keep one’s personal affairs out of the public eye. Today, however, privacy is more about control over one’s data. It’s about the ability to choose what information to share, with whom, and under what circumstances. Unfortunately, many of us have lost that control. Data breaches, surveillance capitalism, and government monitoring have created an environment where our private lives are perpetually at risk of exposure.

Yet, this bleak landscape does not mean that all is lost. Awareness is the first step toward reclaiming privacy. As individuals become more informed about data security and privacy rights, they can make conscious choices about their online presence. For instance, using encrypted messaging apps, employing VPNs, and being selective about what we share on social media can significantly enhance our privacy. It’s about being proactive rather than reactive—taking charge of our digital footprint rather than allowing it to be dictated by external forces.

However, it is crucial to recognize that not everyone is equally equipped to safeguard their privacy. The digital divide remains a significant barrier, with many individuals lacking access to the tools and knowledge necessary to protect themselves online. This disparity highlights a critical social issue: privacy is not just a personal concern; it’s a collective one. Advocating for policies that promote digital literacy and protect consumer rights is essential to foster an environment where privacy can thrive.

Additionally, the role of government in this discourse cannot be overlooked. Legislative measures such as the General Data Protection Regulation (GDPR) in Europe represent significant steps toward safeguarding individual privacy rights. These regulations compel companies to be more transparent about data collection and give users greater control over their personal information. However, the effectiveness of such laws depends on enforcement and public awareness. It’s not enough to have regulations in place; people must understand their rights and how to exercise them.

While the challenges to privacy in the digital age are numerous, we must also acknowledge the potential for innovation and change. The rise of privacy-centric technologies, such as blockchain and decentralized networks, offers new avenues for protecting personal data. These technologies empower individuals to maintain control over their information and challenge the monopolistic practices of major tech companies. As these solutions gain traction, we may see a shift in the balance of power, allowing users to reclaim their privacy.

In conclusion, while privacy as we knew it may be fading, it is not entirely extinct. The digital age presents unique challenges, but it also offers opportunities for empowerment and advocacy. By fostering awareness, promoting digital literacy, and supporting privacy-centric technologies, we can work toward a future where privacy is not just an afterthought but a fundamental right. The existence of privacy in the digital age may be"
